Workbook

Sheet الملخص
A1: تقرير Tiket.com وBooking.com — سبتمبر 2026
A2: الأرقام بالروبية الإندونيسية. لا يشمل التقرير Traveloka. الأرقام الزرقاء مدخلة من التقرير الأول، والباقي صيغ تُحسب من الأوراق التفصيلية.
A4: 1) توزيع الإيراد بين الحسابين (إقامات سبتمبر)
A5: المنصة | B5: الحساب القديم (استنتاج) | C5: الحساب الجديد | D5: لم ينزل بعد | E5: الإجمالي | F5: ملاحظة
A6: Tiket.com | B6: =SUMIFS(Tiket_التحويلات!$C$5:$C$24,Tiket_التحويلات!$E$5:$E$24,"القديم (استنتاج)") -> 30384826 | C6: =SUMIFS(Tiket_التحويلات!$C$5:$C$24,Tiket_التحويلات!$E$5:$E$24,"الجديد (BNI)") -> 13290160 | D6: =E6-B6-C6 -> 2381266 | E6: 46056252 | F6: الجديد = تحويلات BNI بحسب التقرير. المتبقي: إقامات 30 سبتمبر (5 حجوزات)
A7: Booking.com | B7: =SUMIFS(Booking_الحجوزات!$L$5:$L$112,Booking_الحجوزات!$M$5:$M$112,"القديم (استنتاج)",Booking_الحجوزات!$E$5:$E$112,">="&DATE(2026,9,1)) -> 26327680 | C7: =SUMIFS(Booking_الحجوزات!$L$5:$L$112,Booking_الحجوزات!$M$5:$M$112,"الجديد (متوقع)") -> 13283018 | D7: =E7-B7-C7 -> 399982 | E7: 40010680 | F7: الجديد = دفعة 1 أكتوبر (متوقع، يلزمه كشف أكتوبر). المتبقي: حجز واحد من 30 سبتمبر
A8: الإجمالي | B8: =SUM(B6:B7) -> 56712506 | C8: =SUM(C6:C7) -> 26573178 | D8: =SUM(D6:D7) -> 2781248 | E8: =SUM(E6:E7) -> 86066932
A10: 2) Tiket.com — التفاصيل
A11: البند | B11: المبلغ | C11: عدد | F11: المصدر / ملاحظة
A12: إجمالي Tiket في التقرير | B12: =E6 -> 46056252 | F12: التقرير الأول، صف TIKET.COM (AM58)
A13: مجموع حجوزات issued في ملف Tiket | B13: =SUMIFS(Tiket_الحجوزات!$L$5:$L$131,Tiket_الحجوزات!$I$5:$I$131,"issued") -> 46056285 | C13: =COUNTIFS(Tiket_الحجوزات!$I$5:$I$131,"issued") -> 96 | F13: ملف Tiket
A14: الفرق (الملف − التقرير) | B14: =B13-B12 -> 33 | F14: تقريب أنصاف الروبية
A15: استرداد (refund) — لا يُحتسب إيرادًا | B15: =SUMIFS(Tiket_الحجوزات!$K$5:$K$131,Tiket_الحجوزات!$I$5:$I$131,"refund") -> 17847698 | C15: =COUNTIFS(Tiket_الحجوزات!$I$5:$I$131,"refund") -> 31 | F15: ردّ للضيوف؛ مستبعد من التقرير وهذا صحيح
A16: نزل في الحساب القديم (حسب التقرير) | B16: =B6 -> 30384826 | C16: =COUNTIFS(Tiket_التحويلات!$E$5:$E$24,"القديم (استنتاج)") -> 14 | F16: تحويلات 2–21 سبتمبر
A17: نزل في الحساب الجديد — حسب كشف BNI | B17: =Tiket_كشف_BNI!D32 -> 13290175 | C17: =COUNTA(Tiket_كشف_BNI!$E$5:$E$31) -> 27 | F17: تبدأ 22 سبتمبر
A18: نزل في الحساب الجديد — حسب التقرير | B18: =C6 -> 13290160 | C18: =COUNTIFS(Tiket_التحويلات!$E$5:$E$24,"الجديد (BNI)") -> 6 | F18: تحويلات 22–30 سبتمبر
A19: لم ينزل بعد (إقامات 30 سبتمبر) | B19: =D6 -> 2381266 | C19: =COUNTIFS(Tiket_الحجوزات!$P$5:$P$131,"لم ينزل بعد") -> 5 | F19: يُتوقع نزوله في أكتوبر
A21: 3) Booking.com — التفاصيل
A22: البند | B22: المبلغ | C22: عدد | F22: المصدر / ملاحظة
A23: إجمالي Booking في التقرير | B23: =E7 -> 40010680 | F23: التقرير الأول، صف BOOKING.COM (AM60)
A24: صافي إقامات سبتمبر في ملفات Booking | B24: =SUMIFS(Booking_الحجوزات!$L$5:$L$112,Booking_الحجوزات!$E$5:$E$112,">="&DATE(2026,9,1)) -> 39610698 | C24: =COUNTIFS(Booking_الحجوزات!$E$5:$E$112,">="&DATE(2026,9,1)) -> 86 | F24: دفعات 3 و10 و17 و24 سبتمبر و1 أكتوبر
A25: الفرق (التقرير − الملفات) = المتبقي بلا دفعة | B25: =B23-B24 -> 399982 | F25: حجز واحد من 30 سبتمبر لم يُدفع (التقرير قدّره 719,098)
A26: نزل في الحساب القديم — إقامات سبتمبر | B26: =SUMIFS(Booking_الحجوزات!$L$5:$L$112,Booking_الحجوزات!$M$5:$M$112,"القديم (استنتاج)",Booking_الحجوزات!$E$5:$E$112,">="&DATE(2026,9,1)) -> 26327680 | F26: دفعات 3–24 سبتمبر (الجزء الخاص بسبتمبر)
A27: نزل في الحساب القديم — إقامات أغسطس | B27: =SUMIFS(Booking_الحجوزات!$L$5:$L$112,Booking_الحجوزات!$M$5:$M$112,"القديم (استنتاج)",Booking_الحجوزات!$E$5:$E$112,"<"&DATE(2026,9,1)) -> 9655227 | F27: ضمن دفعة 3 سبتمبر؛ خارج تقرير سبتمبر
A28: إجمالي ما نزل في الحساب القديم فعليًا | B28: =B26+B27 -> 35982907 | C28: =COUNTIFS(Booking_الحجوزات!$M$5:$M$112,"القديم (استنتاج)") -> 85 | F28: يشمل 3 حجوزات ملغاة
A29: دفعة 1 أكتوبر (الحساب الجديد، متوقع) | B29: =SUMIFS(Booking_الحجوزات!$L$5:$L$112,Booking_الحجوزات!$M$5:$M$112,"الجديد (متوقع)") -> 13283018 | C29: =COUNTIFS(Booking_الحجوزات!$M$5:$M$112,"الجديد (متوقع)") -> 23 | F29: التقرير سجّل 12,963,879؛ الفرق = حجز Fadly Ahmad
A30: دفعة 1 أكتوبر حسب التقرير | B30: =Booking_الدفعات!F9 -> 12963879
A31: الفرق (الملف − التقرير) | B31: =B29-B30 -> 319139
A33: 4) تنبيهات وافتراضات
A34: • الحساب الجديد = BNI 2109686208 (ALMAGD TRADE)، وكشفه من 10 إلى 30 سبتمبر. كل مبلغ Tiket ورد فيه مؤكد برقم الحجز.
A35: • الحساب القديم: لا يتوفر كشفه. صُنّف عليه كل مبلغ من التقرير لم يظهر في كشف BNI (استنتاج وليس تأكيدًا).
A36: • Booking.com لم يحوّل شيئًا إلى كشف BNI في سبتمبر. دفعة 1 أكتوبر يُرجَّح نزولها في الحساب الجديد، ويلزم كشف أكتوبر لتأكيده.
A37: • لم أجد في كشف BNI مبلغًا أُوقف تحويله ثم حُوّل لاحقًا. دفعة Tiket بتاريخ 28 سبتمبر تغطي إقامات الجمعة إلى الأحد (إيقاع أسبوعي معتاد).
A38: • التقرير سجّل تحويل Tiket بتاريخ 29 سبتمبر (2,499,543) وهو وصل فعليًا في 30 سبتمبر، وسجّل دفعة Booking بتاريخ 17 سبتمبر في 19 سبتمبر.

Sheet Tiket_الحجوزات
A1: Tiket.com — كل الحجوزات (إقامات سبتمبر 2026)
A2: المصدر: ملف bookings_202610271002.xlsx من Tiket. عمودا «تاريخ النزول» و«مبلغ البنك» من كشف BNI (الحساب الجديد). الحساب القديم استنتاج بغياب كشفه.
A4: # | B4: رقم الحجز (Itinerary) | C4: اسم الضيف | D4: وقت الحجز | E4: الدخول | F4: الخروج | G4: الليالي | H4: نوع الغرفة | I4: الحالة | J4: سعر الغرفة | K4: مبلغ الاسترداد | L4: الإجمالي | M4: نوع الاسترداد | N4: تاريخ النزول (BNI) | O4: مبلغ البنك (BNI) | P4: الحساب
A5: 1 | B5: 77455031 | C5: Revina Refikasyah | D5: 46245.747 | E5: 46266 | F5: 46267 | G5: 1 | H5: Standard Tanpa Balkon - Room Only | I5: issued | J5: 311457.5 | K5: 0 | L5: 311457.5 | P5: القديم (استنتاج)
A6: 2 | B6: 77730201 | C6: Budiono Resah | D6: 46254.142 | E6: 46266 | F6: 46267 | G6: 1 | H6: Royal Deluxe with Mini Pool - Room Only | I6: refund | J6: 583490 | K6: 583490 | L6: 0 | M6: eRefund | P6: مسترجع
A7: 3 | B7: 78095630 | C7: Linda Linda | D7: 46266.43 | E7: 46266 | F7: 46267 | G7: 1 | H7: Royal Deluxe with Mini Pool - Room Only | I7: issued | J7: 583490 | K7: 0 | L7: 583490 | P7: القديم (استنتاج)
A8: 4 | B8: 78100749 | C8: Tito Kurnianto | D8: 46266.543 | E8: 46266 | F8: 46267 | G8: 1 | H8: Deluxe with Balcony - Room Only | I8: issued | J8: 390307.5 | K8: 0 | L8: 390307.5 | P8: القديم (استنتاج)
A9: 5 | B9: 78110655 | C9: Ardhana Halleza nova | D9: 46266.757 | E9: 46266 | F9: 46267 | G9: 1 | H9: Standard Dengan Balkon - Room Only | I9: issued | J9: 350882.5 | K9: 0 | L9: 350882.5 | P9: القديم (استنتاج)
A10: 6 | B10: 78120711 | C10: Anna Syahidah | D10: 46266.976 | E10: 46266 | F10: 46267 | G10: 1 | H10: Deluxe with Balcony - Room Only | I10: issued | J10: 390307.5 | K10: 0 | L10: 390307.5 | P10: القديم (استنتاج)
A11: 7 | B11: 77275602 | C11: kamin kamin | D11: 46240.618 | E11: 46267 | F11: 46268 | G11: 1 | H11: Royal Deluxe with Mini Pool - Room Only | I11: refund | J11: 583490 | K11: 583490 | L11: 0 | M11: eRefund | P11: مسترجع
A12: 8 | B12: 77275805 | C12: kamin kamin | D12: 46240.622 | E12: 46267 | F12: 46268 | G12: 1 | H12: Royal Deluxe with Mini Pool - Room Only | I12: refund | J12: 583490 | K12: 583490 | L12: 0 | M12: eRefund | P12: مسترجع
A13: 9 | B13: 78004393 | C13: Hasanudin Hasanudin | D13: 46262.967 | E13: 46267 | F13: 46268 | G13: 1 | H13: Deluxe with Balcony - Room Only | I13: refund | J13: 390307.5 | K13: 390307.5 | L13: 0 | M13: eRefund | P13: مسترجع
A14: 10 | B14: 78121255 | C14: Meilinda Amelia | D14: 46266.996 | E14: 46267 | F14: 46268 | G14: 1 | H14: Standard Tanpa Balkon - Room Only | I14: issued | J14: 311457.5 | K14: 0 | L14: 311457.5 | P14: القديم (استنتاج)
A15: 11 | B15: 78138963 | C15: Azka Alfariji | D15: 46267.646 | E15: 46267 | F15: 46268 | G15: 1 | H15: Deluxe with Balcony - Room Only | I15: issued | J15: 390307.5 | K15: 0 | L15: 390307.5 | P15: القديم (استنتاج)
A16: 12 | B16: 78144863 | C16: Trisaumi Syakira | D16: 46267.778 | E16: 46267 | F16: 46268 | G16: 1 | H16: Standard Dengan Balkon - Room Only | I16: issued | J16: 350882.5 | K16: 0 | L16: 350882.5 | P16: القديم (استنتاج)
A17: 13 | B17: 77538514 | C17: sarah selviani | D17: 46248.128 | E17: 46268 | F17: 46269 | G17: 1 | H17: Royal Deluxe with Mini Pool - Room Only | I17: refund | J17: 583490 | K17: 583490 | L17: 0 | M17: eRefund | P17: مسترجع
A18: 14 | B18: 78118871 | C18: Susnika merdiana | D18: 46266.929 | E18: 46268 | F18: 46269 | G18: 1 | H18: Royal Deluxe with Mini Pool - Room Only | I18: issued | J18: 583490 | K18: 0 | L18: 583490 | P18: القديم (استنتاج)
A19: 15 | B19: 78171271 | C19: Nazwalina Nazeera | D19: 46268.634 | E19: 46268 | F19: 46269 | G19: 1 | H19: Deluxe with Balcony - Room Only | I19: issued | J19: 390307.5 | K19: 0 | L19: 390307.5 | P19: القديم (استنتاج)
A20: 16 | B20: 78066836 | C20: Uum Umayah | D20: 46265.459 | E20: 46269 | F20: 46270 | G20: 1 | H20: Royal Deluxe with Mini Pool - Room Only | I20: refund | J20: 709650 | K20: 709650 | L20: 0 | M20: eRefund | P20: مسترجع
A21: 17 | B21: 78202579 | C21: Haddad Syarif | D21: 46269.578 | E21: 46269 | F21: 46270 | G21: 1 | H21: Deluxe with Balcony - Room Only | I21: issued | J21: 429732.5 | K21: 0 | L21: 429732.5 | P21: القديم (استنتاج)
A22: 18 | B22: 78202939 | C22: hanum mahriza | D22: 46269.586 | E22: 46269 | F22: 46270 | G22: 1 | H22: Deluxe with Balcony - Room Only | I22: issued | J22: 429732.5 | K22: 0 | L22: 429732.5 | P22: القديم (استنتاج)
A23: 19 | B23: 77710514 | C23: Ari Indraswati | D23: 46253.562 | E23: 46270 | F23: 46271 | G23: 1 | H23: Royal Deluxe with Mini Pool - Room Only | I23: issued | J23: 709650 | K23: 0 | L23: 709650 | P23: القديم (استنتاج)
A24: 20 | B24: 77927805 | C24: Junyasti duwi pramesti | D24: 46260.565 | E24: 46270 | F24: 46271 | G24: 1 | H24: Deluxe with Balcony - Room Only | I24: refund | J24: 429732.5 | K24: 429732.5 | L24: 0 | M24: eRefund | P24: مسترجع
A25: 21 | B25: 77927878 | C25: Junyasti duwi pramesti | D25: 46260.567 | E25: 46270 | F25: 46271 | G25: 1 | H25: Deluxe with Balcony - Room Only | I25: refund | J25: 429732.5 | K25: 429732.5 | L25: 0 | M25: eRefund | P25: مسترجع
A26: 22 | B26: 77931129 | C26: Dede april | D26: 46260.647 | E26: 46270 | F26: 46271 | G26: 1 | H26: Deluxe with Balcony - Room Only | I26: refund | J26: 429732.5 | K26: 429732.5 | L26: 0 | M26: eRefund | P26: مسترجع
A27: 23 | B27: 77931406 | C27: Dede april | D27: 46260.653 | E27: 46270 | F27: 46271 | G27: 1 | H27: Deluxe with Balcony - Room Only | I27: refund | J27: 429732.5 | K27: 429732.5 | L27: 0 | M27: eRefund | P27: مسترجع
A28: 24 | B28: 77931985 | C28: Dede april | D28: 46260.669 | E28: 46270 | F28: 46271 | G28: 1 | H28: Deluxe with Balcony - Room Only | I28: issued | J28: 429732.5 | K28: 0 | L28: 429732.5 | P28: القديم (استنتاج)
A29: 25 | B29: 78131304 | C29: abitah raynor | D29: 46267.483 | E29: 46270 | F29: 46271 | G29: 1 | H29: Standard Tanpa Balkon - Room Only | I29: issued | J29: 350882.5 | K29: 0 | L29: 350882.5 | P29: القديم (استنتاج)
A30: 26 | B30: 78134176 | C30: anggi anggi, mey mey | D30: 46267.543 | E30: 46270 | F30: 46271 | G30: 1 | H30: Standard Dengan Balkon - Room Only | I30: issued | J30: 780615 | K30: 0 | L30: 780615 | P30: القديم (استنتاج)
A31: 27 | B31: 78164590 | C31: zhalma syafitri alkobar | D31: 46268.488 | E31: 46270 | F31: 46271 | G31: 1 | H31: Deluxe with Balcony - Room Only | I31: issued | J31: 429732.5 | K31: 0 | L31: 429732.5 | P31: القديم (استنتاج)
A32: 28 | B32: 78181994 | C32: Bayu Rizky Gustiawan | D32: 46268.864 | E32: 46270 | F32: 46271 | G32: 1 | H32: Deluxe with Balcony - Room Only | I32: issued | J32: 429732.5 | K32: 0 | L32: 429732.5 | P32: القديم (استنتاج)
A33: 29 | B33: 78231815 | C33: Byan Afrizal Sardika | D33: 46270.461 | E33: 46270 | F33: 46271 | G33: 1 | H33: Superior With Minipool - Room Only | I33: issued | J33: 599260 | K33: 0 | L33: 599260 | P33: القديم (استنتاج)
A34: 30 | B34: 78236409 | C34: tasya desy s | D34: 46270.564 | E34: 46270 | F34: 46271 | G34: 1 | H34: Royal Deluxe with Mini Pool - Room Only | I34: issued | J34: 709650 | K34: 0 | L34: 709650 | P34: القديم (استنتاج)
A35: 31 | B35: 77888210 | C35: Buayu Lestari | D35: 46259.003 | E35: 46271 | F35: 46272 | G35: 1 | H35: Royal Deluxe with Mini Pool - Room Only | I35: refund | J35: 583490 | K35: 583490 | L35: 0 | M35: eRefund | P35: مسترجع
A36: 32 | B36: 78142469 | C36: hafiz ar | D36: 46267.724 | E36: 46271 | F36: 46272 | G36: 1 | H36: Royal Deluxe with Mini Pool - Room Only | I36: refund | J36: 583490 | K36: 583490 | L36: 0 | M36: eRefund | P36: مسترجع
A37: 33 | B37: 78146986 | C37: Ayu Lestari | D37: 46267.823 | E37: 46271 | F37: 46272 | G37: 1 | H37: Royal Deluxe with Mini Pool - Room Only | I37: issued | J37: 583490 | K37: 0 | L37: 583490 | P37: القديم (استنتاج)
A38: 34 | B38: 78241018 | C38: Haddad Syarif | D38: 46270.662 | E38: 46271 | F38: 46272 | G38: 1 | H38: Deluxe with Balcony - Room Only | I38: issued | J38: 390307.5 | K38: 0 | L38: 390307.5 | P38: القديم (استنتاج)
A39: 35 | B39: 78256308 | C39: DEDI Rianto | D39: 46271.209 | E39: 46271 | F39: 46272 | G39: 1 | H39: Standard Tanpa Balkon - Room Only | I39: issued | J39: 311457.5 | K39: 0 | L39: 311457.5 | P39: القديم (استنتاج)
A40: 36 | B40: 78260402 | C40: Agus budiarto | D40: 46271.434 | E40: 46271 | F40: 46272 | G40: 1 | H40: Superior With Minipool - Room Only | I40: issued | J40: 433675 | K40: 0 | L40: 433675 | P40: القديم (استنتاج)
A41: 37 | B41: 78276080 | C41: Antonius Kevin Wibowo | D41: 46271.869 | E41: 46271 | F41: 46272 | G41: 1 | H41: Deluxe with Balcony - Room Only | I41: issued | J41: 390307.5 | K41: 0 | L41: 390307.5 | P41: القديم (استنتاج)
A42: 38 | B42: 78277487 | C42: Eva Sartika | D42: 46271.909 | E42: 46271 | F42: 46273 | G42: 2 | H42: Deluxe with Balcony - Room Only | I42: issued | J42: 780615 | K42: 0 | L42: 780615 | P42: القديم (استنتاج)
A43: 39 | B43: 78050559 | C43: Jimmi Pangestu | D43: 46264.7 | E43: 46272 | F43: 46274 | G43: 2 | H43: Standard Tanpa Balkon - Room Only | I43: issued | J43: 622915 | K43: 0 | L43: 622915 | P43: القديم (استنتاج)
A44: 40 | B44: 78275162 | C44: Icha Anisa | D44: 46271.841 | E44: 46272 | F44: 46273 | G44: 1 | H44: Deluxe with Balcony - Room Only | I44: issued | J44: 390307.5 | K44: 0 | L44: 390307.5 | P44: القديم (استنتاج)
A45: 41 | B45: 78280025 | C45: Dwi Rahma Febriana | D45: 46271.999 | E45: 46272 | F45: 46273 | G45: 1 | H45: Royal Deluxe with Mini Pool - Room Only | I45: issued | J45: 583490 | K45: 0 | L45: 583490 | P45: القديم (استنتاج)
A46: 42 | B46: 78283313 | C46: Fadry Fadry | D46: 46272.346 | E46: 46272 | F46: 46273 | G46: 1 | H46: Deluxe with Balcony - Room Only | I46: issued | J46: 390307.5 | K46: 0 | L46: 390307.5 | P46: القديم (استنتاج)
A47: 43 | B47: 78291638 | C47: Andi suhendra | D47: 46272.569 | E47: 46272 | F47: 46273 | G47: 1 | H47: Superior With Minipool - Room Only | I47: issued | J47: 433675 | K47: 0 | L47: 433675 | P47: القديم (استنتاج)
A48: 44 | B48: 78296014 | C48: Syalom Saefeto | D48: 46272.671 | E48: 46272 | F48: 46273 | G48: 1 | H48: Standard Dengan Balkon - Room Only | I48: issued | J48: 350882.5 | K48: 0 | L48: 350882.5 | P48: القديم (استنتاج)
A49: 45 | B49: 78300174 | C49: Tesalonika Juliana | D49: 46272.779 | E49: 46272 | F49: 46273 | G49: 1 | H49: Standard Dengan Balkon - Room Only | I49: issued | J49: 350882.5 | K49: 0 | L49: 350882.5 | P49: القديم (استنتاج)
A50: 46 | B50: 77165121 | C50: Meri Suhartini | D50: 46237.4 | E50: 46273 | F50: 46274 | G50: 1 | H50: Royal Deluxe with Mini Pool - Room Only | I50: refund | J50: 583490 | K50: 583490 | L50: 0 | M50: eRefund | P50: مسترجع
A51: 47 | B51: 78309010 | C51: Haddad Syarif | D51: 46273.081 | E51: 46273 | F51: 46274 | G51: 1 | H51: Deluxe with Balcony - Room Only | I51: issued | J51: 390307.5 | K51: 0 | L51: 390307.5 | P51: القديم (استنتاج)
A52: 48 | B52: 78324060 | C52: Muhammad islam sulaeman | D52: 46273.662 | E52: 46273 | F52: 46274 | G52: 1 | H52: Deluxe with Balcony - Room Only | I52: issued | J52: 390307.5 | K52: 0 | L52: 390307.5 | P52: القديم (استنتاج)
A53: 49 | B53: 77971350 | C53: sarah selviani | D53: 46261.931 | E53: 46274 | F53: 46275 | G53: 1 | H53: Royal Deluxe with Mini Pool - Room Only | I53: refund | J53: 583490 | K53: 583490 | L53: 0 | M53: eRefund | P53: مسترجع
A54: 50 | B54: 78343391 | C54: Ade Ratnasari | D54: 46274.442 | E54: 46274 | F54: 46275 | G54: 1 | H54: Royal Deluxe with Mini Pool - Room Only | I54: issued | J54: 583490 | K54: 0 | L54: 583490 | P54: القديم (استنتاج)
A55: 51 | B55: 78088825 | C55: Ruly Rahmawati | D55: 46266.01 | E55: 46275 | F55: 46276 | G55: 1 | H55: Royal Deluxe with Mini Pool - Room Only | I55: issued | J55: 583490 | K55: 0 | L55: 583490 | P55: القديم (استنتاج)
A56: 52 | B56: 78395342 | C56: Erry firgiawan | D56: 46275.908 | E56: 46275 | F56: 46276 | G56: 1 | H56: Standard Dengan Balkon - Room Only | I56: issued | J56: 350882.5 | K56: 0 | L56: 350882.5 | P56: القديم (استنتاج)
A57: 53 | B57: 78119338 | C57: Ignalia Putri | D57: 46266.94 | E57: 46276 | F57: 46277 | G57: 1 | H57: Standard Dengan Balkon - Room Only | I57: issued | J57: 390307.5 | K57: 0 | L57: 390307.5 | P57: القديم (استنتاج)
A58: 54 | B58: 78211930 | C58: Windy Wulandari | D58: 46269.776 | E58: 46276 | F58: 46278 | G58: 2 | H58: Royal Deluxe with Mini Pool - Room Only | I58: issued | J58: 1419300 | K58: 0 | L58: 1419300 | P58: القديم (استنتاج)
A59: 55 | B59: 78414540 | C59: Fitri Aprillia Ridwan | D59: 46276.63 | E59: 46276 | F59: 46277 | G59: 1 | H59: Deluxe with Balcony - Room Only | I59: issued | J59: 429732.5 | K59: 0 | L59: 429732.5 | P59: القديم (استنتاج)
A60: 56 | B60: 78421031 | C60: Briliyan Sanjaya | D60: 46276.77 | E60: 46276 | F60: 46277 | G60: 1 | H60: Standard Tanpa Balkon - Room Only | I60: issued | J60: 350882.5 | K60: 0 | L60: 350882.5 | P60: القديم (استنتاج)
A61: 57 | B61: 78422631 | C61: ria maryati | D61: 46276.803 | E61: 46276 | F61: 46277 | G61: 1 | H61: Standard Dengan Balkon - Room Only | I61: issued | J61: 390307.5 | K61: 0 | L61: 390307.5 | P61: القديم (استنتاج)
A62: 58 | B62: 78051380 | C62: evrillia salsabilla | D62: 46264.727 | E62: 46277 | F62: 46278 | G62: 1 | H62: Royal Deluxe with Mini Pool - Room Only | I62: refund | J62: 709650 | K62: 709650 | L62: 0 | M62: eRefund | P62: مسترجع
A63: 59 | B63: 78297487 | C63: Natu Igas | D63: 46272.707 | E63: 46277 | F63: 46278 | G63: 1 | H63: Deluxe with Balcony - Room Only | I63: issued | J63: 429732.5 | K63: 0 | L63: 429732.5 | P63: القديم (استنتاج)
A64: 60 | B64: 78323548 | C64: noviana kurniawati | D64: 46273.65 | E64: 46277 | F64: 46278 | G64: 1 | H64: Standard Dengan Balkon - Room Only | I64: refund | J64: 390307.5 | K64: 390307.5 | L64: 0 | M64: eRefund | P64: مسترجع
A65: 61 | B65: 78324002 | C65: egisaprudingmailcom egisaprudingmailcom | D65: 46273.661 | E65: 46277 | F65: 46278 | G65: 1 | H65: Superior With Minipool - Room Only | I65: refund | J65: 599260 | K65: 599260 | L65: 0 | M65: eRefund | P65: مسترجع
A66: 62 | B66: 78397243 | C66: Rennys Amalia | D66: 46275.954 | E66: 46277 | F66: 46278 | G66: 1 | H66: Superior With Minipool - Room Only | I66: issued | J66: 599260 | K66: 0 | L66: 599260 | P66: القديم (استنتاج)
A67: 63 | B67: 78401469 | C67: Syarif Hidayatullah | D67: 46276.266 | E67: 46277 | F67: 46278 | G67: 1 | H67: Deluxe with Balcony - Room Only | I67: issued | J67: 429732.5 | K67: 0 | L67: 429732.5 | P67: القديم (استنتاج)
A68: 64 | B68: 78404603 | C68: Humam Nabil | D68: 46276.398 | E68: 46277 | F68: 46278 | G68: 1 | H68: Deluxe with Balcony - Room Only | I68: issued | J68: 429732.5 | K68: 0 | L68: 429732.5 | P68: القديم (استنتاج)
A69: 65 | B69: 78415387 | C69: bimo aryo prakoso | D69: 46276.648 | E69: 46277 | F69: 46278 | G69: 1 | H69: Standard Tanpa Balkon - Room Only | I69: issued | J69: 350882.5 | K69: 0 | L69: 350882.5 | P69: القديم (استنتاج)
A70: 66 | B70: 78417282 | C70: bimo aryo prakoso | D70: 46276.689 | E70: 46277 | F70: 46278 | G70: 1 | H70: Standard Dengan Balkon - Room Only | I70: issued | J70: 390307.5 | K70: 0 | L70: 390307.5 | P70: القديم (استنتاج)
A71: 67 | B71: 78419019 | C71: Imam Luthfi Udin | D71: 46276.725 | E71: 46277 | F71: 46278 | G71: 1 | H71: Standard Dengan Balkon - Room Only | I71: issued | J71: 390307.5 | K71: 0 | L71: 390307.5 | P71: القديم (استنتاج)
A72: 68 | B72: 77926206 | C72: adhi yoga sepriyanto | D72: 46260.526 | E72: 46278 | F72: 46280 | G72: 2 | H72: Royal Deluxe with Mini Pool - Room Only | I72: refund | J72: 1166980 | K72: 1166980 | L72: 0 | M72: eRefund | P72: مسترجع
A73: 69 | B73: 78021599 | C73: Putrilaras Satti | D73: 46263.637 | E73: 46278 | F73: 46280 | G73: 2 | H73: Deluxe with Balcony - Room Only | I73: refund | J73: 780615 | K73: 780615 | L73: 0 | M73: eRefund | P73: مسترجع
A74: 70 | B74: 78365593 | C74: Syifa Nuraini | D74: 46274.933 | E74: 46278 | F74: 46279 | G74: 1 | H74: Deluxe with Balcony - Room Only | I74: refund | J74: 390307.5 | K74: 390307.5 | L74: 0 | M74: eRefund | P74: مسترجع
A75: 71 | B75: 78445311 | C75: Malla azhari | D75: 46277.578 | E75: 46278 | F75: 46279 | G75: 1 | H75: Royal Deluxe with Mini Pool - Room Only | I75: issued | J75: 583490 | K75: 0 | L75: 583490 | P75: القديم (استنتاج)
A76: 72 | B76: 78464790 | C76: Aulia Nabilah | D76: 46278.335 | E76: 46278 | F76: 46279 | G76: 1 | H76: Superior With Minipool - Room Only | I76: issued | J76: 433675 | K76: 0 | L76: 433675 | P76: القديم (استنتاج)
A77: 73 | B77: 78483112 | C77: MUHAMMAD RIZKY | D77: 46278.883 | E77: 46278 | F77: 46279 | G77: 1 | H77: Deluxe with Balcony - Room Only | I77: issued | J77: 390307.5 | K77: 0 | L77: 390307.5 | P77: القديم (استنتاج)
A78: 74 | B78: 78484029 | C78: Iqbal Satrio | D78: 46278.908 | E78: 46278 | F78: 46279 | G78: 1 | H78: Deluxe with Balcony - Room Only | I78: issued | J78: 390307.5 | K78: 0 | L78: 390307.5 | P78: القديم (استنتاج)
A79: 75 | B79: 78376198 | C79: lolitasarigmailcom lolitasarigmailcom | D79: 46275.464 | E79: 46279 | F79: 46280 | G79: 1 | H79: Superior With Minipool - Room Only | I79: refund | J79: 433675 | K79: 433675 | L79: 0 | M79: eRefund | P79: مسترجع
A80: 76 | B80: 78461916 | C80: ayu Wandini | D80: 46278.031 | E80: 46279 | F80: 46280 | G80: 1 | H80: Superior With Minipool - Room Only | I80: issued | J80: 433675 | K80: 0 | L80: 433675 | P80: القديم (استنتاج)
A81: 77 | B81: 78481547 | C81: Cynthia Lisapaly | D81: 46278.84 | E81: 46279 | F81: 46280 | G81: 1 | H81: Royal Deluxe with Mini Pool - Room Only | I81: issued | J81: 583490 | K81: 0 | L81: 583490 | P81: القديم (استنتاج)
A82: 78 | B82: 78486660 | C82: Wynda Roselina Ketaren | D82: 46279.005 | E82: 46279 | F82: 46280 | G82: 1 | H82: Deluxe with Balcony - Room Only | I82: issued | J82: 390307.5 | K82: 0 | L82: 390307.5 | P82: القديم (استنتاج)
A83: 79 | B83: 78429274 | C83: lolitasarigmailcom lolitasarigmailcom | D83: 46276.949 | E83: 46280 | F83: 46281 | G83: 1 | H83: Superior With Minipool - Room Only | I83: issued | J83: 433675 | K83: 0 | L83: 433675 | P83: القديم (استنتاج)
A84: 80 | B84: 78490259 | C84: Wibowo Ari | D84: 46279.357 | E84: 46280 | F84: 46281 | G84: 1 | H84: Deluxe with Balcony - Room Only | I84: issued | J84: 390307.5 | K84: 0 | L84: 390307.5 | P84: القديم (استنتاج)
A85: 81 | B85: 78367450 | C85: Reyhan Indarwan | D85: 46274.984 | E85: 46281 | F85: 46282 | G85: 1 | H85: Deluxe with Balcony - Room Only | I85: refund | J85: 390307.5 | K85: 390307.5 | L85: 0 | M85: eRefund | P85: مسترجع
A86: 82 | B86: 78407226 | C86: Reyhan Indarwan | D86: 46276.464 | E86: 46281 | F86: 46282 | G86: 1 | H86: Deluxe with Balcony - Room Only | I86: issued | J86: 390307.5 | K86: 0 | L86: 390307.5 | P86: القديم (استنتاج)
A87: 83 | B87: 78470374 | C87: tatimah tatimah | D87: 46278.519 | E87: 46282 | F87: 46283 | G87: 1 | H87: Royal Deluxe with Mini Pool - Room Only | I87: issued | J87: 583490 | K87: 0 | L87: 583490 | P87: القديم (استنتاج)
A88: 84 | B88: 78185917 | C88: Hermawan Fadly | D88: 46268.944 | E88: 46283 | F88: 46285 | G88: 2 | H88: Deluxe with Balcony - Room Only | I88: issued | J88: 859465 | K88: 0 | L88: 859465 | P88: القديم (استنتاج)
A89: 85 | B89: 78462443 | C89: Rani Ramdayani | D89: 46278.069 | E89: 46283 | F89: 46284 | G89: 1 | H89: Deluxe with Balcony - Room Only | I89: issued | J89: 429732.5 | K89: 0 | L89: 429732.5 | P89: القديم (استنتاج)
A90: 86 | B90: 78476535 | C90: Novandio Indratama | D90: 46278.69 | E90: 46283 | F90: 46285 | G90: 2 | H90: Deluxe with Balcony - Room Only | I90: refund | J90: 859465 | K90: 859465 | L90: 0 | M90: eRefund | P90: مسترجع
A91: 87 | B91: 77957132 | C91: Alfan gufron | D91: 46261.593 | E91: 46284 | F91: 46285 | G91: 1 | H91: Royal Deluxe with Mini Pool - Room Only | I91: refund | J91: 709650 | K91: 709650 | L91: 0 | M91: eRefund | P91: مسترجع
A92: 88 | B92: 78482402 | C92: Rizky Kurniawan | D92: 46278.863 | E92: 46284 | F92: 46285 | G92: 1 | H92: Superior With Minipool - Room Only | I92: refund | J92: 599260 | K92: 599260 | L92: 0 | M92: eRefund | P92: مسترجع
A93: 89 | B93: 78483799 | C93: Rizky Kurniawan | D93: 46278.902 | E93: 46284 | F93: 46285 | G93: 1 | H93: Deluxe with Balcony - Room Only | I93: issued | J93: 429732.5 | K93: 0 | L93: 429732.5 | P93: القديم (استنتاج)
A94: 90 | B94: 78424771 | C94: adhi yoga sepriyanto | D94: 46276.85 | E94: 46285 | F94: 46287 | G94: 2 | H94: Royal Deluxe with Mini Pool - Room Only | I94: issued | J94: 1166980 | K94: 0 | L94: 1166980 | N94: 46287 | O94: 1166980 | P94: الجديد (BNI)
A95: 91 | B95: 78471767 | C95: Riska Amelia | D95: 46278.558 | E95: 46287 | F95: 46288 | G95: 1 | H95: Royal Deluxe with Mini Pool - Room Only | I95: refund | J95: 583490 | K95: 583490 | L95: 0 | M95: eRefund | P95: مسترجع
A96: 92 | B96: 78753800 | C96: NURLATIEF NURLATIEF | D96: 46287.835 | E96: 46287 | F96: 46288 | G96: 1 | H96: Deluxe with Balcony - Room Only | I96: issued | J96: 390307.5 | K96: 0 | L96: 390307.5 | N96: 46288 | O96: 390308 | P96: الجديد (BNI)
A97: 93 | B97: 78775986 | C97: Nur khalifatun nisa | D97: 46288.629 | E97: 46288 | F97: 46289 | G97: 1 | H97: Superior With Minipool - Room Only | I97: issued | J97: 433675 | K97: 0 | L97: 433675 | N97: 46289 | O97: 433675 | P97: الجديد (BNI)
A98: 94 | B98: 78102296 | C98: Trie Kartika | D98: 46266.575 | E98: 46290 | F98: 46291 | G98: 1 | H98: Royal Deluxe with Mini Pool - Room Only | I98: refund | J98: 709650 | K98: 709650 | L98: 0 | M98: eRefund | P98: مسترجع
A99: 95 | B99: 78810314 | C99: Ulfy Fadhilatunnisa | D99: 46289.7 | E99: 46290 | F99: 46291 | G99: 1 | H99: Royal Deluxe with Mini Pool - Room Only | I99: issued | J99: 709650 | K99: 0 | L99: 709650 | N99: 46293 | O99: 709650 | P99: الجديد (BNI)
A100: 96 | B100: 78813837 | C100: Sidiq Sholihin | D100: 46289.782 | E100: 46290 | F100: 46291 | G100: 1 | H100: Standard Tanpa Balkon - Room Only | I100: issued | J100: 350882.5 | K100: 0 | L100: 350882.5 | N100: 46293 | O100: 350883 | P100: الجديد (BNI)
A101: 97 | B101: 78830040 | C101: Alisa Azzahra Ramadini | D101: 46290.408 | E101: 46290 | F101: 46291 | G101: 1 | H101: Deluxe with Balcony - Room Only | I101: issued | J101: 429732.5 | K101: 0 | L101: 429732.5 | N101: 46293 | O101: 429733 | P101: الجديد (BNI)
...

Sheet Tiket_كشف_BNI
A1: Tiket.com — التحويلات التي نزلت في الحساب الجديد (BNI 2109686208)
A2: المصدر: كشف BNI من 10 إلى 30 سبتمبر 2026. كل تحويل Flip يحمل رقم حجز Tiket. فرق 0.5 روبية = تقريب.
A4: رقم القيد في الكشف | B4: تاريخ النزول | C4: الوقت | D4: المبلغ (البنك) | E4: رقم الحجز | F4: اسم الضيف | G4: تاريخ الدخول | H4: سعر Tiket | I4: الفرق | J4: يقابل تحويل التقرير بتاريخ
A5: 89 | B5: 46287 | C5: 18:10:26 | D5: 1166980 | E5: 78424771 | F5: adhi yoga sepriyanto | G5: 46285 | H5: =INDEX(Tiket_الحجوزات!$L$5:$L$131,MATCH(E5,Tiket_الحجوزات!$B$5:$B$131,0)) -> 1166980 | I5: =D5-H5 -> 0 | J5: 46287
A6: 94 | B6: 46288 | C6: 17:05:23 | D6: 390308 | E6: 78753800 | F6: NURLATIEF NURLATIEF | G6: 46287 | H6: =INDEX(Tiket_الحجوزات!$L$5:$L$131,MATCH(E6,Tiket_الحجوزات!$B$5:$B$131,0)) -> 390307.5 | I6: =D6-H6 -> 0.5 | J6: 46288
A7: 101 | B7: 46289 | C7: 17:12:08 | D7: 433675 | E7: 78775986 | F7: Nur khalifatun nisa | G7: 46288 | H7: =INDEX(Tiket_الحجوزات!$L$5:$L$131,MATCH(E7,Tiket_الحجوزات!$B$5:$B$131,0)) -> 433675 | I7: =D7-H7 -> 0 | J7: 46289
A8: 126 | B8: 46293 | C8: 18:05:51 | D8: 599260 | E8: 78780664 | F8: Yondra Fadillah | G8: 46291 | H8: =INDEX(Tiket_الحجوزات!$L$5:$L$131,MATCH(E8,Tiket_الحجوزات!$B$5:$B$131,0)) -> 599260 | I8: =D8-H8 -> 0 | J8: 46293
A9: 127 | B9: 46293 | C9: 18:05:51 | D9: 709650 | E9: 78849121 | F9: Mhd Bondan | G9: 46291 | H9: =INDEX(Tiket_الحجوزات!$L$5:$L$131,MATCH(E9,Tiket_الحجوزات!$B$5:$B$131,0)) -> 709650 | I9: =D9-H9 -> 0 | J9: 46293
A10: 128 | B10: 46293 | C10: 18:05:51 | D10: 429733 | E10: 78856206 | F10: Alifia Nabilah | G10: 46291 | H10: =INDEX(Tiket_الحجوزات!$L$5:$L$131,MATCH(E10,Tiket_الحجوزات!$B$5:$B$131,0)) -> 429732.5 | I10: =D10-H10 -> 0.5 | J10: 46293
A11: 129 | B11: 46293 | C11: 18:05:51 | D11: 390308 | E11: 78860444 | F11: Nurmala Sari | G11: 46291 | H11: =INDEX(Tiket_الحجوزات!$L$5:$L$131,MATCH(E11,Tiket_الحجوزات!$B$5:$B$131,0)) -> 390307.5 | I11: =D11-H11 -> 0.5 | J11: 46293
A12: 130 | B12: 46293 | C12: 18:05:51 | D12: 429733 | E12: 78838461 | F12: KIKI HANDAYANI | G12: 46290 | H12: =INDEX(Tiket_الحجوزات!$L$5:$L$131,MATCH(E12,Tiket_الحجوزات!$B$5:$B$131,0)) -> 429732.5 | I12: =D12-H12 -> 0.5 | J12: 46293
A13: 131 | B13: 46293 | C13: 18:05:51 | D13: 390308 | E13: 78799117 | F13: Nur Syabrina Lainun | G13: 46291 | H13: =INDEX(Tiket_الحجوزات!$L$5:$L$131,MATCH(E13,Tiket_الحجوزات!$B$5:$B$131,0)) -> 390307.5 | I13: =D13-H13 -> 0.5 | J13: 46293
A14: 132 | B14: 46293 | C14: 18:05:51 | D14: 390308 | E14: 78895837 | F14: Sis Kuswoyo | G14: 46292 | H14: =INDEX(Tiket_الحجوزات!$L$5:$L$131,MATCH(E14,Tiket_الحجوزات!$B$5:$B$131,0)) -> 390307.5 | I14: =D14-H14 -> 0.5 | J14: 46293
A15: 133 | B15: 46293 | C15: 18:05:51 | D15: 429733 | E15: 78475982 | F15: Mila Rosa Amelia | G15: 46291 | H15: =INDEX(Tiket_الحجوزات!$L$5:$L$131,MATCH(E15,Tiket_الحجوزات!$B$5:$B$131,0)) -> 429732.5 | I15: =D15-H15 -> 0.5 | J15: 46293
A16: 134 | B16: 46293 | C16: 18:05:51 | D16: 709650 | E16: 78799537 | F16: Siti indriyani | G16: 46291 | H16: =INDEX(Tiket_الحجوزات!$L$5:$L$131,MATCH(E16,Tiket_الحجوزات!$B$5:$B$131,0)) -> 709650 | I16: =D16-H16 -> 0 | J16: 46293
... A31: 163 | B31: 46295 | C31: 18:33:18 | D31: 433675 | E31: 78932755 | F31: i komang joni arta | G31: 46294 | H31: =INDEX(Tiket_الحجوزات!$L$5:$L$131,MATCH(E31,Tiket_الحجوزات!$B$5:$B$131,0)) -> 433675 | I31: =D31-H31 -> 0 | J31: 46295
A32: الإجمالي | D32: =SUM(D5:D31) -> 13290175 | H32: =SUM(H5:H31) -> 13290168 | I32: =SUM(I5:I31) -> 7.5

Sheet Tiket_التحويلات
A1: Tiket.com — التحويلات المسجّلة في التقرير الأول (20 تحويلًا)
A2: الأرقام الزرقاء مدخلة من التقرير (LAPORAN_NJD_SEPT_2026). «مبلغ البنك» يُحسب من كشف BNI للتحويلات التي دخلت الحساب الجديد.
A4: # | B4: تاريخ التحويل في التقرير | C4: المبلغ في التقرير | D4: ملاحظة التقرير | E4: الحساب | F4: تاريخ النزول في البنك | G4: مبلغ البنك (BNI) | H4: الفرق (البنك − التقرير)
A5: 1 | B5: 46267 | C5: 2026443 | D5: AISYAH | E5: القديم (استنتاج) | F5: —
A6: 2 | B6: 46268 | C6: 1052646 | D6: AISYAH | E6: القديم (استنتاج) | F6: —
A7: 3 | B7: 46269 | C7: 973797 | E7: القديم (استنتاج) | F7: —
A8: 4 | B8: 46272 | C8: 7407953 | E8: القديم (استنتاج) | F8: —
A9: 5 | B9: 46273 | C9: 3280158 | E9: القديم (استنتاج) | F9: —
A10: 6 | B10: 46274 | C10: 1403529 | E10: القديم (استنتاج) | F10: —
A11: 7 | B11: 46275 | C11: 583490 | E11: القديم (استنتاج) | F11: —
A12: 8 | B12: 46276 | C12: 934372 | E12: القديم (استنتاج) | F12: —
A13: 9 | B13: 46279 | C13: 7798259 | E13: القديم (استنتاج) | F13: —
A14: 10 | B14: 46280 | C14: 1407472 | E14: القديم (استنتاج) | F14: —
A15: 11 | B15: 46281 | C15: 823982 | E15: القديم (استنتاج) | F15: —
A16: 12 | B16: 46282 | C16: 390307 | E16: القديم (استنتاج) | F16: —
A17: 13 | B17: 46283 | C17: 583490 | E17: القديم (استنتاج) | F17: —
A18: 14 | B18: 46286 | C18: 1718928 | E18: القديم (استنتاج) | F18: —
A19: 15 | B19: 46287 | C19: 1166980 | E19: الجديد (BNI) | F19: 46287 | G19: =SUMIFS(Tiket_كشف_BNI!$D$5:$D$31,Tiket_كشف_BNI!$J$5:$J$31,B19) -> 1166980 | H19: =G19-C19 -> 0
A20: 16 | B20: 46288 | C20: 390307 | E20: الجديد (BNI) | F20: 46288 | G20: =SUMIFS(Tiket_كشف_BNI!$D$5:$D$31,Tiket_كشف_BNI!$J$5:$J$31,B20) -> 390308 | H20: =G20-C20 -> 1
A21: 17 | B21: 46289 | C21: 433675 | E21: الجديد (BNI) | F21: 46289 | G21: =SUMIFS(Tiket_كشف_BNI!$D$5:$D$31,Tiket_كشف_BNI!$J$5:$J$31,B21) -> 433675 | H21: =G21-C21 -> 0
A22: 18 | B22: 46293 | C22: 8365980 | E22: الجديد (BNI) | F22: 46293 | G22: =SUMIFS(Tiket_كشف_BNI!$D$5:$D$31,Tiket_كشف_BNI!$J$5:$J$31,B22) -> 8365990 | H22: =G22-C22 -> 10
A23: 19 | B23: 46294 | C23: 2499543 | E23: الجديد (BNI) | F23: 46295 | G23: =SUMIFS(Tiket_كشف_BNI!$D$5:$D$31,Tiket_كشف_BNI!$J$5:$J$31,B23) -> 2499547 | H23: =G23-C23 -> 4
A24: 20 | B24: 46295 | C24: 433675 | E24: الجديد (BNI) | F24: 46295 | G24: =SUMIFS(Tiket_كشف_BNI!$D$5:$D$31,Tiket_كشف_BNI!$J$5:$J$31,B24) -> 433675 | H24: =G24-C24 -> 0
A25: الإجمالي | C25: =SUM(C5:C24) -> 43674986 | G25: =SUM(G5:G24) -> 13290175 | H25: =SUM(H5:H24) -> 15
A27: ملاحظة: تحويل التقرير بتاريخ 29 سبتمبر (2,499,543) وصل فعليًا في البنك يوم 30 سبتمبر. الحساب القديم: لا يتوفر كشفه، فالتصنيف استنتاج (الدفعات قبل 22 سبتمبر غير موجودة في كشف BNI).

Sheet Booking_الحجوزات
A1: Booking.com — كل الحجوزات المدفوعة في الدفعات الخمس (3 و10 و17 و24 سبتمبر و1 أكتوبر)
A2: المصدر: ملفات الدفعات (CSV) من Booking.com. ملف دفعة 24 سبتمبر وصل مرتين بمحتوى مطابق وأُدخل مرة واحدة.
A4: تاريخ الدفعة | B4: رقم الدفعة | C4: رقم الحجز | D4: اسم الضيف | E4: الدخول | F4: الخروج | G4: الحالة | H4: المبلغ (إجمالي) | I4: العمولة | J4: ضريبة VAT | K4: رسوم الدفع | L4: الصافي | M4: الحساب
A5: 46268 | B5: Ssach3Ls8CQuvlhD | C5: 6385248831 | D5: Eko Wicaksono | E5: 46266 | F5: 46267 | G5: ok | H5: 495000 | I5: -74250 | J5: -9420 | K5: -11385 | L5: 399945 | M5: القديم (استنتاج)
A6: 46268 | B6: Ssach3Ls8CQuvlhD | C6: 6242738354 | D6: Muhammad Yoga armantia | E6: 46266 | F6: 46267 | G6: ok | H6: 395000 | I6: -59250 | J6: -7517 | K6: -9085 | L6: 319148 | M6: القديم (استنتاج)
A7: 46268 | B7: Ssach3Ls8CQuvlhD | C7: 5910274131 | D7: khai aryana | E7: 46266 | F7: 46267 | G7: ok | H7: 495000 | I7: -74250 | J7: -9420 | K7: -11385 | L7: 399945 | M7: القديم (استنتاج)
A8: 46268 | B8: Ssach3Ls8CQuvlhD | C8: 5775761592 | D8: Alif Nuur Faiiz | E8: 46266 | F8: 46267 | G8: ok | H8: 595000 | I8: -89250 | J8: -11323 | K8: -13685 | L8: 480742 | M8: القديم (استنتاج)
A9: 46268 | B9: Ssach3Ls8CQuvlhD | C9: 5635915886 | D9: Dinana Hanifah | E9: 46266 | F9: 46267 | G9: ok | H9: 495000 | I9: -74250 | J9: -9420 | K9: -11385 | L9: 399945 | M9: القديم (استنتاج)
A10: 46268 | B10: Ssach3Ls8CQuvlhD | C10: 6289059401 | D10: Adi Prinando | E10: 46265 | F10: 46266 | G10: ok | H10: 475000 | I10: -71250 | J10: -9040 | K10: -10925 | L10: 383785 | M10: القديم (استنتاج)
A11: 46268 | B11: Ssach3Ls8CQuvlhD | C11: 6604787607 | D11: Lutfi aldiar Ahmad | E11: 46264 | F11: 46265 | G11: ok | H11: 570000 | I11: -85500 | J11: -10847 | K11: -13110 | L11: 460543 | M11: القديم (استنتاج)
A12: 46268 | B12: Ssach3Ls8CQuvlhD | C12: 6465283637 | D12: Fajri Heryadi | E12: 46264 | F12: 46265 | G12: cancelled | H12: 375000 | I12: -56250 | J12: -7137 | K12: -8625 | L12: 302988 | M12: القديم (استنتاج)
A13: 46268 | B13: Ssach3Ls8CQuvlhD | C13: 5966438707 | D13: Sigit Agustian | E13: 46264 | F13: 46265 | G13: ok | H13: 475000 | I13: -71250 | J13: -9040 | K13: -10925 | L13: 383785 | M13: القديم (استنتاج)
A14: 46268 | B14: Ssach3Ls8CQuvlhD | C14: 5580011533 | D14: Dicky Rahmani Sutandi | E14: 46264 | F14: 46265 | G14: ok | H14: 475000 | I14: -71250 | J14: -9040 | K14: -10925 | L14: 383785 | M14: القديم (استنتاج)
A15: 46268 | B15: Ssach3Ls8CQuvlhD | C15: 5454361207 | D15: imam imam | E15: 46264 | F15: 46265 | G15: cancelled | H15: 375000 | I15: -56250 | J15: -7137 | K15: -8625 | L15: 302988 | M15: القديم (استنتاج)
A16: 46268 | B16: Ssach3Ls8CQuvlhD | C16: 5454347947 | D16: Eko Prastowo | E16: 46264 | F16: 46265 | G16: ok | H16: 475000 | I16: -71250 | J16: -9040 | K16: -10925 | L16: 383785 | M16: القديم (استنتاج)
... A112: 46296 | B112: q1dt4llKDuWcurng | C112: 6766075765 | D112: Evan Ahmed | E112: 46281 | F112: 46291 | G112: ok | H112: 5100000 | I112: -765000 | J112: -97053 | K112: -117300 | L112: 4120647 | M112: الجديد (متوقع)
A113: الإجمالي | H113: =SUM(H5:H112) -> 60975000 | I113: =SUM(I5:I112) -> -9146250 | J113: =SUM(J5:J112) -> -1160400 | K113: =SUM(K5:K112) -> -1402425 | L113: =SUM(L5:L112) -> 49265925

Sheet Booking_الدفعات
A1: Booking.com — الدفعات (Payouts)
A2: الصافي والعدد يُحسبان من ورقة «Booking_الحجوزات». المسجّل في التقرير مدخل من التقرير الأول (أرقام زرقاء).
A4: تاريخ الدفعة | B4: عدد الحجوزات | C4: صافي الدفعة (CSV) | D4: منها إقامات سبتمبر | E4: منها إقامات أغسطس | F4: المسجّل في التقرير | G4: الفرق (سبتمبر − التقرير) | H4: تاريخ التسجيل في التقرير | I4: الحساب | J4: ملاحظة
A5: 46268 | B5: =COUNTIFS(Booking_الحجوزات!$A$5:$A$112,A5) -> 27 | C5: =SUMIFS(Booking_الحجوزات!$L$5:$L$112,Booking_الحجوزات!$A$5:$A$112,A5) -> 11654952 | D5: =SUMIFS(Booking_الحجوزات!$L$5:$L$112,Booking_الحجوزات!$A$5:$A$112,A5,Booking_الحجوزات!$E$5:$E$112,">="&DATE(2026,9,1)) -> 1999725 | E5: =C5-D5 -> 9655227 | F5: 1999726 | G5: =D5-F5 -> -1 | H5: 46266 | I5: القديم (استنتاج) | J5: الجزء الأكبر (إقامات أغسطس) لا يدخل تقرير سبتمبر؛ فيه 3 حجوزات ملغاة
A6: 46275 | B6: =COUNTIFS(Booking_الحجوزات!$A$5:$A$112,A6) -> 21 | C6: =SUMIFS(Booking_الحجوزات!$L$5:$L$112,Booking_الحجوزات!$A$5:$A$112,A6) -> 8924022 | D6: =SUMIFS(Booking_الحجوزات!$L$5:$L$112,Booking_الحجوزات!$A$5:$A$112,A6,Booking_الحجوزات!$E$5:$E$112,">="&DATE(2026,9,1)) -> 8924022 | E6: =C6-D6 -> 0 | F6: 8924029 | G6: =D6-F6 -> -7 | H6: 46275 | I6: القديم (استنتاج)
A7: 46282 | B7: =COUNTIFS(Booking_الحجوزات!$A$5:$A$112,A7) -> 23 | C7: =SUMIFS(Booking_الحجوزات!$L$5:$L$112,Booking_الحجوزات!$A$5:$A$112,A7) -> 9562316 | D7: =SUMIFS(Booking_الحجوزات!$L$5:$L$112,Booking_الحجوزات!$A$5:$A$112,A7,Booking_الحجوزات!$E$5:$E$112,">="&DATE(2026,9,1)) -> 9562316 | E7: =C7-D7 -> 0 | F7: 9562325 | G7: =D7-F7 -> -9 | H7: 46284 | I7: القديم (استنتاج) | J7: سُجّلت في التقرير بتاريخ 19 سبتمبر
A8: 46289 | B8: =COUNTIFS(Booking_الحجوزات!$A$5:$A$112,A8) -> 14 | C8: =SUMIFS(Booking_الحجوزات!$L$5:$L$112,Booking_الحجوزات!$A$5:$A$112,A8) -> 5841617 | D8: =SUMIFS(Booking_الحجوزات!$L$5:$L$112,Booking_الحجوزات!$A$5:$A$112,A8,Booking_الحجوزات!$E$5:$E$112,">="&DATE(2026,9,1)) -> 5841617 | E8: =C8-D8 -> 0 | F8: 5841623 | G8: =D8-F8 -> -6 | H8: 46289 | I8: القديم (استنتاج)
A9: 46296 | B9: =COUNTIFS(Booking_الحجوزات!$A$5:$A$112,A9) -> 23 | C9: =SUMIFS(Booking_الحجوزات!$L$5:$L$112,Booking_الحجوزات!$A$5:$A$112,A9) -> 13283018 | D9: =SUMIFS(Booking_الحجوزات!$L$5:$L$112,Booking_الحجوزات!$A$5:$A$112,A9,Booking_الحجوزات!$E$5:$E$112,">="&DATE(2026,9,1)) -> 13283018 | E9: =C9-D9 -> 0 | F9: 12963879 | G9: =D9-F9 -> 319139 | H9: 46296 | I9: الجديد (متوقع) | J9: التقرير لم يشمل حجز Fadly Ahmad (319,148). يشمل حجز Evan Ahmed (10 ليالٍ، 4,120,647). التأكد من نزوله يلزمه كشف أكتوبر
A10: الإجمالي | B10: =SUM(B5:B9) -> 108 | C10: =SUM(C5:C9) -> 49265925 | D10: =SUM(D5:D9) -> 39610698 | E10: =SUM(E5:E9) -> 9655227 | F10: =SUM(F5:F9) -> 39291582 | G10: =SUM(G5:G9) -> 319116
A12: الفروق الصغيرة (6–9 روبية) سببها تقريب الأجزاء في Booking. الفرق الأكبر في دفعة 1 أكتوبر سببه حجز Fadly Ahmad (يظهر في الدفعة بالـ CSV ولم يُحتسب في تحويل التقرير).

Sheet مقارنة_يومية
A1: مقارنة يومية بحسب تاريخ الدخول: التقرير الأول مقابل ملفات المنصتين
A2: التقرير: صفّا TIKET.COM وBOOKING.COM لكل يوم. الأيام التي يختلف فيها التوزيع (دون اختلاف الإجمالي) مظلّلة. إقامة Evan Ahmed (Booking، 10 ليالٍ من 16 إلى 26 سبتمبر) تظهر كلها يوم 16 في الملف، بينما يوزّعها التقرير على الأيام 16–25.
A4: التاريخ | B4: Tiket: التقرير | C4: Tiket: الملف (issued) | D4: فرق Tiket | E4: Booking: التقرير | F4: Booking: الملفات (الصافي) | G4: فرق Booking
A5: 46266 | B5: 2026443 | C5: =SUMIFS(Tiket_الحجوزات!$L$5:$L$131,Tiket_الحجوزات!$E$5:$E$131,A5,Tiket_الحجوزات!$I$5:$I$131,"issued") -> 2026445 | D5: =C5-B5 -> 2 | E5: 1999725 | F5: =SUMIFS(Booking_الحجوزات!$L$5:$L$112,Booking_الحجوزات!$E$5:$E$112,A5) -> 1999725 | G5: =F5-E5 -> 0
A6: 46267 | B6: 1052646 | C6: =SUMIFS(Tiket_الحجوزات!$L$5:$L$131,Tiket_الحجوزات!$E$5:$E$131,A6,Tiket_الحجوزات!$I$5:$I$131,"issued") -> 1052647.5 | D6: =C6-B6 -> 1.5 | E6: 480742 | F6: =SUMIFS(Booking_الحجوزات!$L$5:$L$112,Booking_الحجوزات!$E$5:$E$112,A6) -> 480742 | G6: =F6-E6 -> 0
A7: 46268 | B7: 973797 | C7: =SUMIFS(Tiket_الحجوزات!$L$5:$L$131,Tiket_الحجوزات!$E$5:$E$131,A7,Tiket_الحجوزات!$I$5:$I$131,"issued") -> 973797.5 | D7: =C7-B7 -> 0.5 | E7: 799890 | F7: =SUMIFS(Booking_الحجوزات!$L$5:$L$112,Booking_الحجوزات!$E$5:$E$112,A7) -> 799890 | G7: =F7-E7 -> 0
A8: 46269 | B8: 859464 | C8: =SUMIFS(Tiket_الحجوزات!$L$5:$L$131,Tiket_الحجوزات!$E$5:$E$131,A8,Tiket_الحجوزات!$I$5:$I$131,"issued") -> 859465 | D8: =C8-B8 -> 1 | E8: 359547 | F8: =SUMIFS(Booking_الحجوزات!$L$5:$L$112,Booking_الحجوزات!$E$5:$E$112,A8) -> 359546 | G8: =F8-E8 -> -1
A9: 46270 | B9: 4439252 | C9: =SUMIFS(Tiket_الحجوزات!$L$5:$L$131,Tiket_الحجوزات!$E$5:$E$131,A9,Tiket_الحجوزات!$I$5:$I$131,"issued") -> 4439255 | D9: =C9-B9 -> 3 | E9: 2722861 | F9: =SUMIFS(Booking_الحجوزات!$L$5:$L$112,Booking_الحجوزات!$E$5:$E$112,A9) -> 2722855 | G9: =F9-E9 -> -6
A10: 46271 | B10: 2499543 | C10: =SUMIFS(Tiket_الحجوزات!$L$5:$L$131,Tiket_الحجوزات!$E$5:$E$131,A10,Tiket_الحجوزات!$I$5:$I$131,"issued") -> 2889852.5 | D10: =C10-B10 -> 390309.5 | E10: 1280632 | F10: =SUMIFS(Booking_الحجوزات!$L$5:$L$112,Booking_الحجوزات!$E$5:$E$112,A10) -> 1280632 | G10: =F10-E10 -> 0
A11: 46272 | B11: 3201307 | C11: =SUMIFS(Tiket_الحجوزات!$L$5:$L$131,Tiket_الحجوزات!$E$5:$E$131,A11,Tiket_الحجوزات!$I$5:$I$131,"issued") -> 3122460 | D11: =C11-B11 -> -78847 | E11: 2161319 | F11: =SUMIFS(Booking_الحجوزات!$L$5:$L$112,Booking_الحجوزات!$E$5:$E$112,A11) -> 2161319 | G11: =F11-E11 -> 0
A12: 46273 | B12: 1092071 | C12: =SUMIFS(Tiket_الحجوزات!$L$5:$L$131,Tiket_الحجوزات!$E$5:$E$131,A12,Tiket_الحجوزات!$I$5:$I$131,"issued") -> 780615 | D12: =C12-B12 -> -311456 | E12: 1119038 | F12: =SUMIFS(Booking_الحجوزات!$L$5:$L$112,Booking_الحجوزات!$E$5:$E$112,A12) -> 1119038 | G12: =F12-E12 -> 0
A13: 46274 | B13: 583490 | C13: =SUMIFS(Tiket_الحجوزات!$L$5:$L$131,Tiket_الحجوزات!$E$5:$E$131,A13,Tiket_الحجوزات!$I$5:$I$131,"issued") -> 583490 | D13: =C13-B13 -> 0 | E13: 1119038 | F13: =SUMIFS(Booking_الحجوزات!$L$5:$L$112,Booking_الحجوزات!$E$5:$E$112,A13) -> 1119038 | G13: =F13-E13 -> 0
A14: 46275 | B14: 934372 | C14: =SUMIFS(Tiket_الحجوزات!$L$5:$L$131,Tiket_الحجوزات!$E$5:$E$131,A14,Tiket_الحجوزات!$I$5:$I$131,"issued") -> 934372.5 | D14: =C14-B14 -> 0.5 | E14: 319148 | F14: =SUMIFS(Booking_الحجوزات!$L$5:$L$112,Booking_الحجوزات!$E$5:$E$112,A14) -> 319148 | G14: =F14-E14 -> 0
A15: 46276 | B15: 2270878 | C15: =SUMIFS(Tiket_الحجوزات!$L$5:$L$131,Tiket_الحجوزات!$E$5:$E$131,A15,Tiket_الحجوزات!$I$5:$I$131,"issued") -> 2980530 | D15: =C15-B15 -> 709652 | E15: 2201720 | F15: =SUMIFS(Booking_الحجوزات!$L$5:$L$112,Booking_الحجوزات!$E$5:$E$112,A15) -> 2201715 | G15: =F15-E15 -> -5
A16: 46277 | B16: 3729602 | C16: =SUMIFS(Tiket_الحجوزات!$L$5:$L$131,Tiket_الحجوزات!$E$5:$E$131,A16,Tiket_الحجوزات!$I$5:$I$131,"issued") -> 3019955 | D16: =C16-B16 -> -709647 | E16: 2722861 | F16: =SUMIFS(Booking_الحجوزات!$L$5:$L$112,Booking_الحجوزات!$E$5:$E$112,A16) -> 2722855 | G16: =F16-E16 -> -6
... A34: 46295 | B34: 2381269 | C34: =SUMIFS(Tiket_الحجوزات!$L$5:$L$131,Tiket_الحجوزات!$E$5:$E$131,A34,Tiket_الحجوزات!$I$5:$I$131,"issued") -> 2381270 | D34: =C34-B34 -> 1 | E34: 719093 | F34: =SUMIFS(Booking_الحجوزات!$L$5:$L$112,Booking_الحجوزات!$E$5:$E$112,A34) -> 319148 | G34: =F34-E34 -> -399945
A35: الإجمالي | B35: =SUM(B5:B34) -> 46056252 | C35: =SUM(C5:C34) -> 46056285 | D35: =SUM(D5:D34) -> 33 | E35: =SUM(E5:E34) -> 40010680 | F35: =SUM(F5:F34) -> 39610698 | G35: =SUM(G5:G34) -> -399982
A37: ملاحظة: إجمالي Booking في الملفات أقل من التقرير بنحو 399,982 (حجز من 30 سبتمبر لم يُدفع بعد). إجمالي Tiket يتطابق بفرق تقريب 33 روبية.
